Datetime,Water Level (m)
2025-08-19 18:00:00,-5.163341e-07
2025-08-19 19:00:00,-5.6500585e-07
2025-08-19 20:00:00,-6.2390257e-07
2025-08-19 21:00:00,-6.9436817e-07
2025-08-19 22:00:00,2.2163287e-05
2025-08-19 23:00:00,0.12257089
2025-08-20 00:00:00,0.14412628
2025-08-20 01:00:00,0.15945166
2025-08-20 02:00:00,0.15814774
2025-08-20 03:00:00,0.16282465
2025-08-20 04:00:00,0.16401063
2025-08-20 05:00:00,0.17203422
2025-08-20 06:00:00,0.17676622
2025-08-20 07:00:00,0.18125565
2025-08-20 08:00:00,0.18840604
2025-08-20 09:00:00,0.20121145
2025-08-20 10:00:00,0.2170709
2025-08-20 11:00:00,0.22829254
2025-08-20 12:00:00,0.23824705
2025-08-20 13:00:00,0.24643466
2025-08-20 14:00:00,0.24512418
2025-08-20 15:00:00,0.24789271
2025-08-20 16:00:00,0.2536178
2025-08-20 17:00:00,0.26009396
2025-08-20 18:00:00,0.26873747
2025-08-20 19:00:00,0.28049353
2025-08-20 20:00:00,0.29548362
2025-08-20 21:00:00,0.31220478
2025-08-20 22:00:00,0.32990846
2025-08-20 23:00:00,0.3474119
2025-08-21 00:00:00,0.36385697
2025-08-21 01:00:00,0.3791366
2025-08-21 02:00:00,0.3932689
2025-08-21 03:00:00,0.40615004
2025-08-21 04:00:00,0.4174768
2025-08-21 05:00:00,0.42899475
2025-08-21 06:00:00,0.44321647
2025-08-21 07:00:00,0.46099108
2025-08-21 08:00:00,0.48350164
2025-08-21 09:00:00,0.50962037
2025-08-21 10:00:00,0.53685856
2025-08-21 11:00:00,0.56258875
2025-08-21 12:00:00,0.58681756
2025-08-21 13:00:00,0.6098336
2025-08-21 14:00:00,0.63112116
2025-08-21 15:00:00,0.6506387
2025-08-21 16:00:00,0.6683398
2025-08-21 17:00:00,0.6845468
2025-08-21 18:00:00,0.7002089
2025-08-21 19:00:00,0.7179308
2025-08-21 20:00:00,0.7391452
2025-08-21 21:00:00,0.7635369
2025-08-21 22:00:00,0.79504305
2025-08-21 23:00:00,0.8339521
2025-08-22 00:00:00,0.8728434
2025-08-22 01:00:00,0.9100062
2025-08-22 02:00:00,0.9632515
2025-08-22 03:00:00,1.0165534
2025-08-22 04:00:00,1.062908
2025-08-22 05:00:00,1.1035222
2025-08-22 06:00:00,1.1406311
2025-08-22 07:00:00,1.1781632
2025-08-22 08:00:00,1.2195181
2025-08-22 09:00:00,1.2617496
2025-08-22 10:00:00,1.306732
2025-08-22 11:00:00,1.3529099
2025-08-22 12:00:00,1.3947864
2025-08-22 13:00:00,1.4323807
2025-08-22 14:00:00,1.4674455
2025-08-22 15:00:00,1.4996804
2025-08-22 16:00:00,1.5292333
2025-08-22 17:00:00,1.5562776
2025-08-22 18:00:00,1.5815805
2025-08-22 19:00:00,1.6065615
2025-08-22 20:00:00,1.6335909
2025-08-22 21:00:00,1.6642041
2025-08-22 22:00:00,1.6968657
2025-08-22 23:00:00,1.7301842
2025-08-23 00:00:00,1.762265
2025-08-23 01:00:00,1.7917861
2025-08-23 02:00:00,1.8192433
2025-08-23 03:00:00,1.8445117
2025-08-23 04:00:00,1.8680578
2025-08-23 05:00:00,1.8891699
2025-08-23 06:00:00,1.9080936
2025-08-23 07:00:00,1.926313
2025-08-23 08:00:00,1.9468596
2025-08-23 09:00:00,1.9713686
2025-08-23 10:00:00,1.9980308
2025-08-23 11:00:00,2.0263119
2025-08-23 12:00:00,2.0552666
2025-08-23 13:00:00,2.0866013
2025-08-23 14:00:00,2.1296947
2025-08-23 15:00:00,2.165458
2025-08-23 16:00:00,2.2056623
2025-08-23 17:00:00,2.2401156
2025-08-23 18:00:00,2.267528
2025-08-23 19:00:00,2.2908309
2025-08-23 20:00:00,2.3125963
2025-08-23 21:00:00,2.33585
2025-08-23 22:00:00,2.3615596
2025-08-23 23:00:00,2.3879378
2025-08-24 00:00:00,2.4137852
2025-08-24 01:00:00,2.4375703
2025-08-24 02:00:00,2.458824
2025-08-24 03:00:00,2.477738
2025-08-24 04:00:00,2.4948924
2025-08-24 05:00:00,2.5103636
2025-08-24 06:00:00,2.5237038
2025-08-24 07:00:00,2.5357742
2025-08-24 08:00:00,2.548025
2025-08-24 09:00:00,2.5626984
2025-08-24 10:00:00,2.5813422
2025-08-24 11:00:00,2.6019948
2025-08-24 12:00:00,2.6101134
2025-08-24 13:00:00,2.5626166
2025-08-24 14:00:00,2.5640213
2025-08-24 15:00:00,2.5659096
2025-08-24 16:00:00,2.5655982
2025-08-24 17:00:00,2.56507
2025-08-24 18:00:00,2.564835
2025-08-24 19:00:00,2.5641098
2025-08-24 20:00:00,2.5638318
2025-08-24 21:00:00,2.5667143
2025-08-24 22:00:00,2.5753562
2025-08-24 23:00:00,2.5880177
2025-08-25 00:00:00,2.6022716
2025-08-25 01:00:00,2.6125076
2025-08-25 02:00:00,2.6226113
2025-08-25 03:00:00,2.6309526
2025-08-25 04:00:00,2.6371508
2025-08-25 05:00:00,2.642678
2025-08-25 06:00:00,2.6461039
2025-08-25 07:00:00,2.6481292
2025-08-25 08:00:00,2.649801
2025-08-25 09:00:00,2.6538317
2025-08-25 10:00:00,2.6620643
2025-08-25 11:00:00,2.674501
2025-08-25 12:00:00,2.6859708
2025-08-25 13:00:00,2.7017496
2025-08-25 14:00:00,2.713434
2025-08-25 15:00:00,2.7223341
2025-08-25 16:00:00,2.7295377
2025-08-25 17:00:00,2.7339563
2025-08-25 18:00:00,2.7363226
